,Unnamed: 0,Album,Artist
0,0,Lift Your Skinny Fists Like Antennas to Heaven!,Godspeed You Black Emperor!
1,1,The Complete Peel Sessions 1978-2004,The Fall
2,2,"Live 1966",Bob Dylan
3,3,The Great Deceiver (Pt. I),King Crimson
4,4,Live at Massey Hall 1971,Neil Young
5,5,Either Or,Elliott Smith
6,6,Blackstar,David Bowie
7,7,The Pet Sounds Sessions,The Beach Boys
8,8,Rust Never Sleeps,Neil Young & Crazy HorseNeil YoungCrazy Horse
9,9,"Sunshine Daydream",Grateful Dead
10,10,On the Beach,Neil Young
11,11,Velocity Design Comfort,Sweet Trip
12,12,Live Rust,Neil Young & Crazy HorseNeil YoungCrazy Horse
13,13,Everybody Knows This Is Nowhere,Neil Young with Crazy HorseNeil YoungCrazy Horse
14,14,Unleashed in the East,Judas Priest
15,15,Archive 1967-75,Genesis
16,16,Ys,Joanna Newsom
17,17,Bruce Springsteen & The E Street Band Live 1975-85,Bruce Springsteen & The E Street Band
18,18,Sun Bear Concerts Piano Solo: Recorded in Japan,Keith Jarrett
19,19,The Early Years 1965-1972,Pink Floyd
20,20,Live at the Fillmore East,Neil Young & Crazy HorseNeil YoungCrazy Horse
21,21,The Nightwatch: Live at the Amsterdam Concertgebouw November 23rd 1973,King Crimson
22,22,"Sign ""☮︎"" the Times",Prince
23,23,Rétrospective Vol. 1 & 2,Magma
24,24,Dream Letter: Live in London 1968,Tim Buckley
25,25,"Dick's Picks Volume Eight: Harpur College, Binghamton, NY, May 2, 1970",Grateful Dead
26,26,At the Mountains of Madness,Electric Masada
27,27,Art Blakey and The Jazz Messengers [Moanin'],Art Blakey and The Jazz Messengers
28,28,Die Mensch-Maschine,Kraftwerk
29,29,"Coltrane ""Live"" at the Village Vanguard",John Coltrane
30,30,"Dick's Picks Volume Four: Fillmore East, 2/13-14/70",Grateful Dead
31,31,'77 Live,Les Rallizes Dénudés
32,32,MTV Unplugged,Alice in Chains
33,33,The Noise ザ・ノイズ,Hijokaidan
34,34,Jimi Plays Monterey: Original Motion Picture Sound Track,Jimi Hendrix
35,35,Trans Europa Express,Kraftwerk
36,36,Cowboy Bebop CD-Box,Yoko Kanno / Seatbelts菅野よう子 [Yoko Kanno]Seatbelts
37,37,Boris at Last -Feedbacker-,Boris
38,38,C'era una volta il West,Ennio Morricone
39,39,Donkey Kong Country 2: Diddy's Kong Quest,David Wise
40,40,ゼルダの伝説: ムジュラの仮面 (The Legend of Zelda: Majora's Mask),近藤浩治 [Koji Kondo]
41,41,Mother 2: ギーグの逆襲,田中宏和 [Hirokazu Tanaka] & 鈴木慶一 [Keiichi Suzuki]
42,42,Weld,Neil Young & Crazy HorseNeil YoungCrazy Horse
43,43,Kyuss [Welcome to Sky Valley],Kyuss
44,44,NieR:Automata,岡部啓一 [Keiichi Okabe] & 帆足圭吾 [Keigo Hoashi]
45,45,The Bootleg Series Vol. 6: Live 1964 - Concert at Philharmonic Hall,Bob Dylan
46,46,Ascension [Edition I],John Coltrane
47,47,Tristan und Isolde (Bayreuth 1966),Chor und Orchester der Bayreuther Festspiele / Karl Böhm / Birgit Nilsson / Wolfgang Windgassen / Christa Ludwig / Martti Talvela / Eberhard WaechterOrchester der Bayreuther FestspieleChor der Bayreuther FestspieleKarl BöhmBirgit NilssonWolfgang WindgassenChrista LudwigMartti TalvelaEberhard Waechter
48,48,Black Sabbath Vol. 4,Black Sabbath
49,49,Live Shit: Binge & Purge,Metallica
50,50,ファイナルファンタジーVI (Final Fantasy VI),植松伸夫 [Nobuo Uematsu]
51,51,Tonight's the Night,Neil Young
52,52,The Nocturnes,Artur Rubinstein
53,53,塊魂サウンドトラック「塊フォルテッシモ魂」 (Katamari Damacy Soundtrack: Katamari Fortissimo Damacy),三宅優 [Yuu Miyake]
54,54,Flood,Boris
55,55,Have One on Me,Joanna Newsom
56,56,Fôrça bruta,Jorge Ben
57,57,ニンテンドーDS ポケモン ダイヤモンド&パール スーパーミュージックコレクション  (Nintendo DS Pokémon Diamond & Pearl Super Music Collection),"増田順一 [Junichi Masuda], 一之瀬剛 [Go Ichinose] & 佐藤仁美 [Hitomi Sato]"
58,58,The Bootleg Series Vol. 11: The Basement Tapes - Raw,Bob Dylan and The Band
59,59,Persona5,目黒将司 [Shoji Meguro]
60,60,Jenny Death: The Powers That B Disc 2,Death Grips
61,61,C'era una volta in America,Ennio Morricone
62,62,20 Years of Jethro Tull,Jethro Tull
63,63,12 Hits From Hell: The MSP Sessions,Misfits
64,64,John Lennon / Plastic Ono Band,John Lennon / Plastic Ono Band
65,65,Historic Performances Recorded at the Monterey International Pop Festival,Otis Redding / The Jimi Hendrix Experience
66,66,Roxy: Tonight's the Night Live,Neil Young
67,67,もののけ姫 (Mononoke-hime),久石譲 [Joe Hisaishi]
68,68,London 1986,Talk Talk
69,69,First Daze Here: The Vintage Collection,Pentagram
70,70,...And the Ambulance Died in His Arms,Coil
71,71,Bowie at the Beeb: The Best of the BBC Radio Sessions 68-72,David Bowie
72,72,Silent Shout: An Audio Visual Experience,The Knife
73,73,NieR Gestalt & RepliCant,"岡部啓一 [Keiichi Okabe], 石濱翔 [Kakeru Ishihama], 帆足圭吾 [Keigo Hoashi] & 隆文西村 [Takafumi Nishimura]"
74,74,You're Living All Over Me,Dinosaur
75,75,嵐 (Arashi),山下洋輔トリオ、 大駱駝艦、 ジェラルド大下Yosuke Yamashita Trio大駱駝艦 [Dairakudakan]Gerald Oshita
76,76,Different Stages / Live,Rush
77,77,Is There Anybody Out There? The Wall Live 1980-81,Pink Floyd
78,78,The Bootleg Series Vol. 8: Tell Tale Signs - Rare and Unreleased 1989-2006,Bob Dylan
79,79,Operation:LIVEcrime,Queensrÿche
80,80,Rock Dream,Boris With Merzbow
81,81,Live 1981-82,The Birthday Party
82,82,Nina Simone in Concert,Nina Simone
83,83,Live in Copenhagen,Mt. Eerie
84,84,Wrong,NoMeansNo
85,85,Song for My Father (Cantiga para meu pai),The Horace Silver Quintet
86,86,Visions of the Country,Robbie Basho
87,87,Recorded Live at the Monterey Jazz Festival,John Handy
88,88,ワンダと巨像 大地の咆哮 (Wander and the Colossus: Roar of the Earth),大谷幸 [Ko Otani]
89,89,Don't Break the Oath,Mercyful Fate
90,90,Deliquescence,Swans
91,91,Lamentations: Live at Shepherd's Bush Empire 2003,Opeth
92,92,プネウマ (Pneuma),青葉市子+三宅純+山本達久+渡辺等青葉市子 [Ichiko Aoba]Jun Miyake山本達久 [Tatsuhisa Yamamoto]Hitoshi Watanabe
93,93,Red House Painters [Rollercoaster],Red House Painters
94,94,Coma Divine: Recorded Live in Rome,Porcupine Tree
95,95,Something Else by The Kinks,The Kinks
96,96,DK Jamz: The Original Donkey Kong Country Soundtrack,David Wise / Eveline Fischer
97,97,Zuma,Neil Young with Crazy HorseNeil YoungCrazy Horse
98,98,Bergtatt: Et eeventyr i 5 capitler,Ulver
99,99,Solo-Concerts: Bremen and Lausanne,Keith Jarrett
100,100,千と千尋の神隠し (Sen to Chihiro no kamikakushi),久石譲 [Joe Hisaishi]
101,101,Albert Ayler in Greenwich Village,Albert Ayler
102,102,Deep Purple in Concert,Deep Purple
103,103,The 6 String Quartets,Takács Quartet
104,104,Live at Wembley '86,Queen
105,105,The Bootleg Series Vol. 7: No Direction Home: The Soundtrack,Bob Dylan
106,106,Persona4,目黒将司 [Shoji Meguro]
107,107,救済の技法 (Kyuusai no gihou),平沢進 [Susumu Hirasawa]
108,108,Elvis: TV Special,Elvis Presley
109,109,Like an Ever Flowing Stream,Dismember
110,110,Live in Sevilla 2000,Masada
111,111,Fare Forward Voyagers (Soldier's Choice),John Fahey
112,112,Stravinsky Conducts Le Sacre du printemps,Columbia Symphony Orchestra / Igor Stravinsky
113,113,It's Your World,Gil Scott-Heron and Brian Jackson
114,114,Vision Creation Newsun,Boredoms
115,115,Live in Germany 1976,Rainbow
116,116,Microphones in 2020,The Microphones
117,117,The Lord of the Rings: The Return of the King,Howard Shore
118,118,Way Down in the Rust Bucket,Neil Young with Crazy HorseNeil YoungCrazy Horse
119,119,Dead as Dreams,Weakling
120,120,Disco Elysium,British Sea Power
121,121,Masked Dancers: Concern in So Many Things You Forget Where You Are,The Brave Little Abacus
122,122,Symphonie No. 9 / Moldau,Wiener Philharmoniker / Herbert von Karajan
123,123,Twin Peaks: Limited Event Series Soundtrack,Angelo Badalamenti
124,124,"""Windswept Adan” Concert at Bunkamura Orchard Hall",青葉市子 [Ichiko Aoba]
125,125,Tango: Zero Hour / Nuevo Tango: Hora Zero,Astor Piazzolla and The New Tango Quintet
126,126,Unquestionable Presence,Atheist
127,127,"Live at the Old Waldorf, San Francisco, 6/29/78",Television
128,128,Die Kunst der Fuge,Tatiana Nikolayeva
129,129,Live Kreation,Kreator
130,130,Persona3,目黒将司 [Shoji Meguro]
131,131,"""Evergrace""",星野康太 [Kota Hoshino]
132,132,Os afro-sambas de Baden e Vinícius,Baden Powell & Vinicius de Moraes
133,133,Sechs Suiten für Violoncello Solo BWV 1007-1012,Pierre Fournier
134,134,"Town Hall Concert 1964, Vol. 1",Charles Mingus
135,135,Music for 18 Musicians,Grand Valley State University New Music Ensemble
136,136,4 Balladen; Barcarolle; Fantasie,Krystian Zimerman
137,137,剣風伝奇ベルセルク (Berserk),平沢進 [Susumu Hirasawa]
138,138,The Dance of the Moon and the Sun,Natural Snow Buildings
139,139,Kingdom Hearts II Original Soundtrack,下村陽子 [Yoko Shimomura]
140,140,The Legend of Zelda: Breath of the Wild,片岡真央 [Manaka Kataoka] / 岩田恭明 [Yasuaki Iwata] / 若井淑 [Hajime Wakai]
141,141,Live at the Cellar Door,Neil Young
142,142,R4™ / Ridge Racer Type 4 / Direct Audio,*Namco Consumer Software Sound Team
143,143,Mulholland Dr.,Angelo Badalamenti & David Lynch
144,144,Court and Spark,Joni Mitchell
145,145,My Funny Valentine: Miles Davis in Concert,Miles Davis
146,146,ABC Music: The Radio 1 Sessions,Stereolab
147,147,무너지기 (Crumbling),공중도둑 [Mid-Air Thief]
148,148,Feldman Edition 6: String Quartet No. 2,FLUX Quartet
149,149,悪魔城ドラキュラX～月下の夜想曲～ (Akumajo Dracula X ~Gekka no Nocturne~),山根ミチル [Michiru Yamane]
150,150,アダンの風 (Windswept Adan),青葉市子 [Ichiko Aoba]
151,151,First Meditations (For Quartet),John Coltrane
152,152,Apostrophe ('),Frank Zappa
153,153,'Four' & More: Recorded Live in Concert,Miles Davis
154,154,Mi sei apparso come un fantasma,Songs: Ohia
155,155,渋星 (Shibuboshi),渋さ知らズ [Shibusashirazu]
156,156,ファイナルファンタジーX (Final Fantasy X),仲野順也 [Junya Nakano] / 浜渦正志 [Masashi Hamauzu] / 植松伸夫 [Nobuo Uematsu]
157,157,In Person at the Whisky a Go Go,Otis Redding
158,158,Remote Utopias: 2nd May 2020,Bladee / Ecco2K
159,159,Symphony No. 3 (Symphony of Sorrowful Songs); 3 Olden Style Pieces,Polish National Radio Symphony Orchestra / Antoni Wit / Zofia KilanowiczNarodowa Orkiestra Symfoniczna Polskiego Radia w KatowicachAntoni WitZofia Kilanowicz
160,160,Sonic the Hedgehog CD Original Soundtrack 20th Anniversary Edition,尾形雅史 [Masafumi Ogata] / 幡谷尚史 [Naofumi Hataya]
161,161,Live at Benaroya Hall,Pearl Jam
162,162,Fa-tal: Gal a todo vapor,Gal Costa
163,163,ピンポン オリジナルサウンドトラック,牛尾憲輔 [Kensuke Ushio]
164,164,Root Down: Jimmy Smith Live!,Jimmy Smith
165,165,If You're Feeling Sinister: Live at The Barbican,Belle & Sebastian
166,166,Divers,Joanna Newsom
167,167,Complete / Sämtliche / Les 21 Nocturnes,Claudio Arrau
168,0,Xenogears,光田康典 [Yasunori Mitsuda]
169,1,ゼノブレイド Xenoblade,下村陽子 [Yoko Shimomura] / 清田愛未 [Manami Kiyota] / ACE+
170,2,3 Gymnopédies & Other Piano Works · und andere Klavierstücke,Pascal Rogé
171,3,Samurai Champloo Music Record: Departure,Nujabes / Fat Jon
172,4,Haibane-Renmei: Hanenone,大谷幸 [Ko Otani]
173,5,Keeper of the Seven Keys Part II,Helloween
174,6,Can't Buy a Thrill,Steely Dan
175,7,Walter Carlos' Clockwork Orange,Wendy Carlos
176,8,Voyager 1,Verve
177,9,Jet Set Radio Future (ジェットセットラジオフューチャー),長沼英樹 [Hideki Naganuma]
178,10,Choir Concerto,Russian State Symphonic Cappella / Valery PolyanskyГосударственный камерный хор Министерства культуры СССР [USSR Ministry of Culture Chamber Choir]Валерий Полянский [Valeri Polyansky]
179,11,E·MO·TION,Carly Rae Jepsen
180,12,フリクリ (FLCL): OST 1 ~ Addict,the pillows
181,13,Die Kunst der Fuge,Evgeni Koroliov
182,14,The Wicker Man,Paul Giovanni / Gary Carpenter / Magnet
183,15,Dark to Themselves,Cecil Taylor Unit
184,16,真・女神転生III Nocturne (Shin Megami Tensei III: Nocturne),目黒将司 [Shoji Meguro] / 田崎寿子 [Toshiko Tasaki] / 土屋憲一 [Kenichi Tsuchiya]
185,17,Ascension [Edition II],John Coltrane
186,18,Neue Wiener Schule: Die Streichquartette,LaSalle Quartett
187,19,Lola Versus Powerman and the Moneygoround (Part One),The Kinks
188,20,I'm Still in Love With You,Al Green
189,21,Metal Box,PiL
190,22,Peace and Love,Dadawah
191,23,Tropicália ou panis et circencis,Various Artists
192,24,Jacques Brel [Ces gens-là],Jacques Brel
193,25,Tim Burton's The Nightmare Before Christmas,Danny Elfman
194,26,Arnold Schoenberg 2: Streichquartette I-IV,Arditti String Quartet / Dawn Upshaw
195,27,The Concert for Bangla Desh,Various Artists
196,28,Dopesmoker,Sleep
197,29,Symphonie Nr. 6 »Pastorale«,Wiener Philharmoniker / Karl Böhm
198,30,Симфония № 5,Академический симфонический оркестр Московской государственной филармонии / Кирилл Кондрашин [Kirill Kondrashin]
199,31,Requiem; Lontano; Continuum,Sinfonieorchester des Hessischen Rundfunks / Chor des Bayerischen Rundfunks / Sinfonieorchester des Südwestfunks / Michael Gielen / Wolfgang Schubert / Ernest Bour / Liliana Poli / Barbra Ericson / Antoinette Vischerhr-SinfonieorchesterChor des Bayerischen RundfunksSWR SinfonieorchesterMichael GielenWolfgang SchubertErnest BourLiliana PoliBarbro EricsonAntoinette Vischer
200,32,50th Birthday Celebration Vol. 4,Electric Masada
201,33,Young Shakespeare,Neil Young
202,34,Didn't It Rain,Songs: Ohia
203,35,"Performing ""flood""",Boris
204,36,"The Jazz Messengers at the Cafe Bohemia, Volume 1",The Jazz Messengers
205,37,Alchemy: Dire Straits Live,Dire Straits
206,38,Long Season '96~7 96.12.26 Akasaka Blitz,Fishmans
207,39,"あらためまして、はじめまして、ミドリです。 (Aratamemashite, hajimemashite, Midori desu.)",ミドリ [Midori]
208,40,Biomech,Ocean Machine
209,41,"Fas – Ite, maledicti, in ignem aeternum",Deathspell Omega
210,42,Le mystère des voix bulgares : volume 1,Le Mystère des voix bulgares
211,43,Deaf Dumb Blind (Summun Bukmun Umyun),Pharoah Sanders
212,44,"At the ""Golden Circle"" Stockholm, Volume One",The Ornette Coleman Trio
213,45,Street Fighter III: 3rd Strike - Fight for the Future,奥河英樹 [Hideki Okugawa]
214,46,The Fragile: Deviations 1,Nine Inch Nails
215,47,化物語 音楽全集 Songs & Soundtracks (Bakemonogatari Ongaku Zenshuu Songs & Soundtracks),神前暁 [Satoru Kosaki]
216,48,Get in the Van,Henry Rollins
217,49,6 String Quartets,Emerson String Quartet
218,50,Spirit They're Gone Spirit They've Vanished,Avey Tare and Panda BearAvey TarePanda Bear
219,51,Complete Works Opp 1-31,Pierre Boulez
220,52,Sonny's Dream (Birth of the New Cool),The Sonny Criss Orchestra
221,53,R.E.M. Live at the Olympia,R.E.M.
222,54,Live Four,Coil
223,55,Friday Night in San Francisco,"Al Di Meola, John McLaughlin & Paco de Lucía"
224,56,Buhloone Mind State,De La Soul
225,57,Revés / Yosoy,Café Tacvba
226,58,Jet Set Radio,長沼英樹 [Hideki Naganuma]
227,59,Live: Bursting Out,Jethro Tull
228,60,Live! In Tune and on Time,DJ Shadow
229,61,ニンテンドーDS ポケモンブラック・ホワイト スーパーミュージックコレクション (Nintendo DS Pokémon Black・White Super Music Collection),景山将太 [Shota Kageyama]
230,62,We're Only in It for the Money,The Mothers of Invention
231,63,Tektra,Roland Kayn
232,64,Les cinq quatuors à cordes; Trio à cordes; Khoom,Quatuor Arditti / Aldo Brizzi / Michiko Hirayama / Maurizio Ben Omar / Frank LloydArditti String QuartetAldo BrizziMichiko HirayamaMaurizio Ben OmarFrank Lloyd
233,65,"Athenaeum, Homebush, Quay & Raab",The Necks
234,66,革命京劇 (Revolutionary Pekinese Opera) Ver.1.28,Ground-Zero
235,67,Horse Rotorvator,Coil
236,68,The Hissing of Summer Lawns,Joni Mitchell
237,69,かがやき (Kagayaki),高木正勝 [Masakatsu Takagi]
238,70,Klavierkonzert Nr. 3 C-dur / Klavierkonzert G-dur,Berliner Philharmoniker / Claudio Abbado / Martha Argerich
239,71,Live Wire / Blues Power,Albert King
240,72,ゼルダの伝説 ～風のタクト～ (The Legend of Zelda: The Wind Waker),"永田権太 [Kenta Nagata], 若井淑 [Hajime Wakai], 峰岸透 [Toru Minegishi] & 近藤浩治 [Koji Kondo]"
241,73,"If I Could Do It All Over Again, I'd Do It All Over You",Caravan
242,74,Yasimika,Djeli Moussa Diawara
243,75,"The Well-Tuned Piano 81 X 25, 6:17:50 - 11:18:59 PM NYC",La Monte Young
244,76,Down on the Road by the Beach,Steve Hiett
245,77,Germfree Adolescents,X-Ray Spex
246,78,"24 Préludes, Op. 28; Préludes Nr. 25, Op. 45; Nr. 26, Op. Posth.",Martha Argerich
247,79,Requiem KV 626,Berliner Philharmoniker / Wiener Singverein / Herbert von Karajan / Wilma Lipp / Hilde Rössl-Majdan / Anton Dermota / Walter BerryBerliner PhilharmonikerWiener SingvereinHerbert von KarajanWilma LippHilde Rössel-MajdanAnton DermotaWalter Berry
248,80,"BBC Radio Theatre, London, June 27, 2000",David Bowie
249,81,It'll All Work Out in Boomland,T2
250,82,Radio One,Jimi Hendrix Experience
251,83,Theatre Royal Drury Lane 8th September 1974,Robert Wyatt & Friends
252,84,Tashi Plays Messiaen: Quartet for the End of Time,Tashi
253,85,Les stances à Sophie,Art Ensemble of Chicago
254,86,Stakes Is High,De La Soul
255,87,Novos Baianos F.C.,Novos Baianos
256,88,天使のたまご 音楽編 / 水に棲む (Tenshi no tamago ongaku hen / Mizu ni sumu),菅野由弘 [Yoshihiro Kanno]
257,89,Autechre [LP5],Autechre
258,90,"Burritos, Inspiration Point, Fork Balloon Sports, Cards in the Spokes, Automatic Biographies, Kites, Kung Fu, Trophies, Banana Peels We've Slipped On and Egg Shells We've Tippy Toed Over",Cap'n Jazz
259,91,Голос сталі,Nokturnal Mortum
260,92,Deus Ex: Game of the Year Edition,Alexander Brandon / Michiel van den Bos
261,93,Milagre dos peixes,Milton Nascimento
262,94,Vingt regards sur l'enfant-Jésus,Steven Osborne
263,95,Black Antlers,Coil
264,96,Live at Primavera Sound 2012,James Ferraro
265,97,あくまのうた (Akuma no uta),Boris
266,98,Conference of the Birds,David Holland Quartet
267,99,"György Ligeti Edition 3: Works for Piano - Études, Musica ricercata",Pierre-Laurent Aimard
268,100,"24 Préludes, Op. 28",Maurizio Pollini
269,101,Queen on Fire: Live at the Bowl,Queen
270,102,映画 聲の形 オリジナル・サウンドトラック A Shape of Light,牛尾憲輔 [Kensuke Ushio]
271,103,3 Feet High and Rising,De La Soul
272,104,The Nocturnal Silence,Necrophobic
273,105,のぶえの海 (Nobue no umi),河名伸江 [Nobue Kawana]
274,106,"Miles Davis in Person, Friday Night at the Blackhawk, San Francisco, Volume 1",Miles Davis
275,107,Below the Heavens,Blu & Exile
276,108,Bootleg Series Volume 1: The Quine Tapes,The Velvet Underground
277,109,放課後ティータイムII (Ho-kago Tea Time Second),放課後ティータイム [Hokago Tea Time]
278,110,Quattro pezzi per orchestra; Anahit; Uaxuctum,Orchestre et Chœur de la Radio-Télévision Polonaise de Cracovie / Jürg Wyttenbach / Carmen Fournier / Tristan MurailOrkiestra Polskiego Radia w KrakowieChór Polskiego Radia w KrakowieJürg WyttenbachCarmen FournierTristan Murail
279,111,Live in L.A. (Death & Raw),Death
280,112,Keeper of the Seven Keys Part I,Helloween
281,113,Nina Simone at Town Hall,Nina Simone
282,114,Geraes,Milton Nascimento
283,115,Last Date,Eric Dolphy
284,116,東方紅魔郷 ～ The Embodiment of Scarlet Devil. (Touhou Koumakyou),上海アリス幻樂団
285,117,Suite bergamasque; Children's Corner; Estampes; L'isle joyeuse; La fille aux cheveux de lin; La plus que lente; Etude pour les arpèges,Alexis Weissenberg
286,118,Œuvres d'Erik Satie,Aldo Ciccolini / Gabriel Tacchino
287,119,Nothingface,Voivod
288,120,Poppy Nogood and the Phantom Band: All Night Flight Vol.1,Terry Riley
289,121,Live at the Troubadour 1969,Tim Buckley
290,122,Concerto grosso I; Concerto for Oboe and Harp; Concerto for Piano and Strings,New Stockholm Chamber Orchestra / Lev MarkizStockholms nya kammarorkesterLev Markiz
291,123,The Milk-Eyed Mender,Joanna Newsom
292,124,"Paris, Texas",Ry Cooder
293,125,Blast From the Past,Gamma Ray
294,126,20 palavras ao redor do Sol,Cátia de França
295,127,"Hardcore Devo, Vol. 1: 74-77",Devo
296,128,Warszawa,Porcupine Tree
297,129,BBC Sessions,Cocteau Twins
298,130,Chewed Up,Louis C.K.
299,131,Meat Puppets II,Meat Puppets
300,132,Ewa Demarczyk śpiewa piosenki Zygmunta Koniecznego,Ewa Demarczyk
301,133,Niggas on the Moon: The Powers That B Disc 1,Death Grips
302,134,Never Turn Your Back on a Friend,Budgie
303,135,Tindersticks [II],Tindersticks
304,136,"The Godfather, Part II",Nino Rota / Carmine Coppola
305,137,I See a Darkness,Bonnie 'Prince' Billy
306,138,Kraan Live,Kraan
307,139,Parental Advisory: Explicit Lyrics,George Carlin
308,140,Naked City,John Zorn
309,141,Different Trains; Electric Counterpoint,Kronos Quartet / Pat Metheny
310,142,Adnos I-III,Eliane Radigue
311,143,Isn't Anything,My Bloody Valentine
312,144,For Philip Guston,The California EAR Unit
313,145,The Incredible Jazz Guitar of Wes Montgomery,Wes Montgomery
314,146,Da Devil's Playground: Underground Solo,Koopsta Knicca
315,147,"At the ""Golden Circle"" Stockholm, Volume Two",The Ornette Coleman Trio
316,148,4 Way Street,"Crosby, Stills, Nash & Young"
317,149,I'm in Your Mind Fuzz,King Gizzard & the Lizard Wizard
318,150,Darwin!,Banco del Mutuo Soccorso
319,151,Winterkaelte,Paysage d'Hiver
320,152,Rothko Chapel; Why Patterns?,UC Berkeley Chamber Chorus / The California EAR Unit / Philip Brett / David Abel / Karen Rosenak / William Winant / Dorothy Stone / Arthur Jarvinen / Gaylord Mowrey
321,153,Volume 6: Days Have Gone By,John Fahey
322,154,HBO (Haitian Body Odor),Mach-Hommy
323,155,Ladies of the Canyon,Joni Mitchell
324,156,The Gate,Swans
325,157,Préludes · Volume 1,Arturo Benedetti Michelangeli
326,158,Miles of Aisles,Joni Mitchell and the L.A. ExpressJoni MitchellL.A. Express
327,159,Chopin / Brahms / Liszt / Ravel / Prokofieff,Martha Argerich
328,160,Il était une forêt...,Gris
329,161,大勘定 (Daikanjyo),"明田川荘之 [Shoji Aketagawa], 三上寛 [Kan Mikami] & 石塚俊明 [Toshiaki Ishizuka]"
330,162,Vespro della Beata Vergine 1610,La Capella Reial / Coro del Centro di Musica Antica di Padova / Jordi Savall / Montserrat Figueras / Guy de Mey / Maria Cristina Kiehr / Gerd Türk / Gian Paolo Fagotto / Paolo Costa / Pietro Spagnoli / Daniele CarnovichLa Capella Reial de CatalunyaCoro del Centro di Musica Antica di PadovaJordi SavallMontserrat FiguerasGuy de MeyMaria Cristina KiehrGerd TürkGian Paolo FagottoPaolo CostaPietro SpagnoliDaniele Carnovich
331,163,Alturas de Machu Pichu,Los Jaivas
332,164,Caesar Demos,Ween
333,165,GBAポケモン ルビー&サファイア ミュージック・スーパーコンプリート (GBA Pokémon Ruby & Sapphire Music Super Complete),"増田順一 [Junichi Masuda], 一之瀬剛 [Go Ichinose] & 青木森一 [Morikazu Aoki]"
334,166,ハウルの動く城 (Hauru no ugoku shiro),久石譲 [Joe Hisaishi]
335,167,Ogum Xangô,Gil e JorgeGilberto GilJorge Ben
336,168,Time Fades Away,Neil Young
337,169,The Devil's Playground,Da Koopsta Knicca
338,170,Coltrane Live at the Village Vanguard Again!,John Coltrane
339,171,Purple Sun,Tomasz Stanko Quintet
340,172,Poland: The Warsaw Concert,Tangerine Dream
341,173,Crippled Symmetry,Dietmar Wiesner / Markus Hinterhäuser / Robyn Schulkowsky
342,174,平成風俗 (Heisei fūzoku),椎名林檎 × 斎藤ネコ椎名林檎 [Sheena Ringo]斎藤ネコ [Neko Saito]
343,175,In concerto: Arrangiamenti PFM,Fabrizio De André con PFMFabrizio De AndréPremiata Forneria Marconi
344,176,Quintett C-Dur,Alban Berg Quartett / Heinrich Schiff
345,177,Midtown 120 Blues,DJ Sprinkles
346,178,The Ghost~Pop Tape,Devon Hendryx
347,179,Choirs of the Eye,Kayo Dot
348,180,Father of Folk Blues,Son House
349,181,恋人へ (Koibito e),Lamp
350,182,Agent Orange,Sodom
351,183,Apple Venus Volume 1,XTC
352,184,スーパーマリオ ヨッシーアイランド オリジナル・サウンド・ヴァージョン (Super Mario Yoshi Island Original Sound Version),近藤浩治 [Koji Kondo]
353,185,Silent Hill 4 -The Room-,山岡晃 [Akira Yamaoka]
354,186,Insignificance,Jim O'Rourke
355,187,Beauty Reaps the Blood of Solitude,Nature and Organisation
356,188,Persepolis,Groupe de Recherches Musicales de la RTF
357,189,The Ligeti Project II: Lontano; Atmosphères; Apparitions; San Francisco Polyphony; Concert românesc,Berliner Philharmoniker / Jonathan Nott
358,190,Live in the U.K.,Helloween
359,191,Roky Erickson and the Aliens (5 Symbols),Roky Erickson and The Aliens
360,192,"Ella Fitzgerald Sings the Duke Ellington Song Book, Vol. 1",Ella Fitzgerald with Duke Ellington and His Orchestra
361,193,La double vie de Véronique: The Double Life of Veronika,Zbigniew Preisner
362,194,4 Visions,Eskaton
363,195,Izipho Zam (My Gifts),Pharoah Sanders
364,196,"'Live' at the Apollo, Volume II",James Brown
365,197,Edu Lôbo [Missa breve],Edu Lôbo
366,198,"Town Hall, 1962",Ornette Coleman
367,199,Eureka,Jim O'Rourke
368,200,Frank Sinatra Sings for Only the Lonely,Frank Sinatra
369,201,Trenchtown Mix Up,The Gladiators
370,202,Los Jaivas [El indio],Los Jaivas
371,203,I Trawl the MEGAHERTZ,Paddy McAloon
372,204,Couldn't Stand the Weather,Stevie Ray Vaughan and Double Trouble
373,205,Trust in Rock: Your New Concept in Music,"""Blue"" Gene Tyranny and Peter Gordon""Blue"" Gene TyrannyPeter Gordon"
374,206,Paysages planétaires,Henri Pousseur & Michel Butor
375,207,1st,不失者 [Fushitsusha]
376,208,"Ashes 2 Ashes, Dust 2 Dust",Tommy Wright III
377,209,Iannis Xenakis 2: La légende d'Eer,Electronic Studio Westdeutscher Rundfunk Köln
378,210,Sing to God,Cardiacs
379,211,Intents and Purposes: The Jazz Artistry of Bill Dixon,The Bill Dixon Orchestra
380,212,Live From the Atlantic Studios,AC/DC
381,213,De La Soul Is Dead,De La Soul
382,214,Mirage,Klaus Schulze
383,215,Lucifer: Book of Angels Volume 10,Bar Kokhba
384,216,The Marriage of Heaven and Hell Part Two,Virgin Steele
385,217,Rawkus Presents: Soundbombing II,Various Artists
386,218,Fallout 2,Mark Morgan
387,219,空中キャンプ (Kūchū Camp),フィッシュマンズ
388,220,Scandinavian Nights,Deep Purple
389,221,Zoundegnon Bernard 'Papillon' guitariste principal,T.P. Orchestre Poly-Rythmo de Cotonou - Bénin
390,222,Symphonien No. 8 »Unvollendete« · No. 3,Wiener Philharmoniker / Carlos Kleiber
391,223,Miles in Tokyo: Miles Davis Live in Concert,Miles Davis
392,224,Affinità-divergenze fra il compagno Togliatti e noi: Del conseguimento della maggiore età,CCCP Fedeli alla Linea
393,225,Logos: Live at the Dominion - London 1982,Tangerine Dream
394,226,Jazz Blues Fusion: Performed and Recorded Live in Boston and New York,John Mayall
395,227,Somewhere Out in Space,Gamma Ray
396,228,Looks Like Rain,Mickey Newbury
397,229,Aion; Pfhat; Konx-Om-Pax,Orchestre et Chœur de la Radio-Télévision Polonaise de Cracovie / Jürg WyttenbachOrkiestra Polskiego Radia w KrakowieChór Polskiego Radia w KrakowieJürg Wyttenbach
398,230,Wave Notation 1: Music for Nine Post Cards,吉村弘 [Hiroshi Yoshimura]
399,231,Dark Souls III,北村友香 [Yuka Kitamura]
400,232,"Vol. II: Death Chants, Breakdowns and Military Waltzes",John Fahey
401,233,Io sono nato libero,Banco del Mutuo Soccorso
402,234,Multi - Dimensional: Sonic Adventure 2,瀬上純 [Jun Senoue]
403,235,Super Metroid: Sound in Action,田中宏和 / 濱野美奈子と山本健誌田中宏和 [Hirokazu Tanaka]濱野美奈子 [Minako Hamano]山本健誌 [Kenji Yamamoto]
404,236,Hybris,Änglagård
405,237,アンハッピーリフレイン (Unhappy Refrain),Wowaka
406,238,La Camorra: La soledad de la provocación apasionada,Astor Piazzolla
407,239,Кров у наших криницях (Blood in Our Wells),Drudkh
408,240,A Christmas Gift for You From Philles Records,Various Artists
409,241,Piece of Time,Atheist
410,242,Everywhere at the End of Time: Stage 6,The Caretaker
411,243,Blod-draum,Molested
412,244,"Drumming; Music for Mallet Instruments, Voices and Organ; Six Pianos",Steve Reich & Musicians
413,245,Rāg Madhuvantī / Rāg Miśra Tilang,Shivkumar Sharma & Zakir Hussain
414,246,"Vol. 9mm ""It's On""",Juicy (Juice Manne) Jay
415,247,Somnium,Robert Rich
416,248,Fuente y caudal,Paco de Lucía
417,249,伝承美学 (Traditional Aesthetics),静香 [Shizuka]
418,250,Brel [Les Marquises],Jacques Brel
419,251,Tetsuo,石川忠 [Chu Ishikawa]
420,252,Ser hümano!!,Tiro de Gracia
421,253,Shadow Kingdom,Natural Snow Buildings
422,254,At the Cliffs of River Rhine,Agitation Free
423,255,つまんね (Tsumanne),神聖かまってちゃん [Shinsei Kamattechan]
424,256,III: So Long Suckers,Reverend Bizarre
425,257,白虎野 (Byakkoya),平沢進 [Susumu Hirasawa]
426,258,魔女の宅急便  (Majo no takkyūbin),久石譲 [Joe Hisaishi]
427,259,The Straight Story,Angelo Badalamenti
428,260,L'île re-sonante,Eliane Radigue
429,261,Murmuüre,Murmuüre
430,262,Iron Man,Eric Dolphy
431,263,Metastasis; Pithoprakta; Eonta,Orchestre National de l'O.R.T.F / Ensemble instrumental de musique contemporaine de Paris / Maurice Le Roux / Konstantin Simonovich / Yuji TakahashiOrchestre national de FranceEnsemble Instrumental de Musique Contemporaine de ParisMaurice Le RouxKonstantin Simonovich高橋悠治 [Yuji Takahashi]
432,264,The Kitchen Tape,Weezer
433,265,Elvenefris,Lykathea Aflame
434,266,ドラム (Drum),戸張大輔 [Daisuke Tobari]
435,267,Mysterious Skin,Robin Guthrie & Harold Budd
436,268,"Selvaggina, Go Back Into the Woods",Coil
437,269,Sonic the Hedgehog 1 & 2 Soundtrack,中村正人 [Masato Nakamura]
438,270,A Little Man and a House and the Whole World Window,Cardiacs
439,271,The Legend of Zelda: 25th Anniversary Special Orchestra CD,近藤浩治 [Koji Kondo]
440,272,Verklärte Nacht; Variationen für Orchester,Berliner Philharmoniker / Herbert von Karajan
441,273,From the Choirgirl Hotel,Tori Amos
442,274,The Circle Maker,John Zorn
443,275,Fotheringay,Fotheringay
444,276,Drowner Yellow Swans,Yellow Swans
445,277,For Musicians Only,"Stan Getz, Dizzy Gillespie & Sonny Stitt"
446,278,Sugar Mountain: Live at Canterbury House 1968,Neil Young
447,279,Jacques Brel [J'arrive],Jacques Brel
448,280,A dança da solidão,Paulinho da Viola
449,281,Realization,Eddie Henderson
450,282,The End: 4 February 2017 Birmingham,Black Sabbath
451,283,Mogwai Young Team,Mogwai
452,284,Ragged Glory,Neil Young + Crazy HorseNeil YoungCrazy Horse
453,285,(I'm) Stranded,The Saints
454,286,L'école du micro d'argent,IAM
455,287,XMII,Porcupine Tree
456,288,Sappukei,Number Girl
457,289,Dreamcast Summer Songs,The Rockwood Escape Plan
458,290,Lurker of Chalice,Lurker of Chalice
459,291,Happy Bivouac,the pillows
460,292,Cantofabule,Phoenix
461,293,That One Night: Live in Buenos Aires,Megadeth
462,294,Los peores 7 km de mi vida,Corea
463,295,Bare Nuckle II,古代祐三 [Yuzo Koshiro]
464,296,Folksongs and Instrumentals With Guitar,Elizabeth Cotten
465,297,L'aldilà,Fabio Frizzi
466,298,ワールドイズユアーズ (World Is Yours),Mass of the Fermenting Dregs
467,299,Кино (Чёрный альбом),Кино [Kino]
468,300,Focus at the Rainbow,Focus
469,301,星間性交 (Seikan seikou),t e l e p a t h テレパシー能力者
470,302,The Shadow Cabinet,Wuthering Heights
471,303,The Famous 1938 Carnegie Hall Jazz Concert,Benny Goodman
472,304,"Nothing Changes No One Can Change Anything, I Am Ever-Changing Only You Can Change Yourself",Fushitsusha
473,305,Cello-Suiten,Mstislav Rostropovich
474,306,Time of No Reply,Nick Drake
475,307,Whut? Thee Album,Redman
476,308,"Sonic Adventure ""Digi-Log Conversation""",瀬上純 [Jun Senoue] / 熊谷文恵 [Fumie Kumatani] / 床井健一 [Kenichi Tokoi]
477,309,Arc-Weld,Neil Young & Crazy HorseNeil YoungCrazy Horse
478,310,Lysol,Melvins
479,311,となりのトトロ  (Tonari no Totoro),久石譲 [Joe Hisaishi]
480,312,Johnny Winter And ... Live,Johnny Winter
481,313,የካተት (Yèkatit: Ethio Jazz),Mulatu Astatke featuring Fekade Amde MaskalMulatu Astatkeከፋቃደ አሞደ መስቀል [Fekade Amde Maskal]
482,314,The Leftovers: Music From the HBO® Series - Season One,Max Richter
483,315,Satta Masa Gana,The Abyssinians
484,316,Mind Wars,Holy Terror
485,317,I'll Try Living Like This,death's dynamic shroud.wmv
486,318,For You,山下達郎 [Tatsuro Yamashita]
487,319,Dawn: Winter Journal,Mount Eerie
488,320,Bad Timing,Jim O'Rourke
489,321,Winter in America,Gil Scott-Heron/Brian Jackson
490,322,"Solaris, The Mirror, Stalker: Music From Motion Pictures",Эдуард Артемьев [Eduard Artemyev]
491,323,No New York,Contortions / Teenage Jesus and The Jerks / Mars / D.N.A.James Chance & The ContortionsTeenage Jesus & The JerksMarsDNA
492,324,Ain't That Good News,Sam Cooke
493,325,All American Music,Jimmie Dale & The FlatlandersJimmie Dale GilmoreThe Flatlanders
494,326,Barbaro (ma non troppo),Present
495,327,The Perfect Prescription,Spacemen 3
496,328,Françoise Hardy [La question],Françoise Hardy
497,329,Кровоизлияние,Аспид [Aspid]
498,330,Manhattan Research Inc.: New Plastic Sounds and Electronic Abstractions,Raymond Scott
499,331,Winobranie,The Zbigniew Namysłowski Quintet
500,332,Sonic Mania,Tee Lopes
501,333,The Concerts in China,Jean Michel Jarre
502,334,In den Gärten Pharaos,Popol Vuh
503,335,Bar Kokhba,John Zorn
504,336,Velvet Goldmine,Various Artists
505,337,Völkerball,Rammstein
506,338,Music of India: Three Classical Rāgas,Ravi Shankar
507,339,Walk Among Us,Misfits
508,340,Rushup Edge,The Tuss
509,341,01010101,Portraits of Past
510,342,Dumpmeister,Mach-Hommy
511,343,Scenery,福居良 [Ryo Fukui]
512,344,The Winter Ray,Natural Snow Buildings
513,345,Etcetera,Wayne Shorter
514,346,Orbital [Brown Album],Orbital
515,347,Niggaz of Destruction,N.O.D.
516,348,Pagan Altar,Pagan Altar
517,349,Rosemary's Baby,Christopher Komeda
518,350,"Si monvmentvm reqvires, circvmspice",Deathspell Omega
519,351,Прыг-скок: Детские песенки,Егор и Опизденевшие [Yegor i Opizdenevshie]
520,352,Live Etc,Gong
521,353,Invictus,Virgin Steele
522,354,Metal Gear Solid 3: Snake Eater,Harry Gregson-Williams & 日比野則彦 [Norihiko Hibino]
523,355,Alkebu-Lan: Land of the Blacks - Live at the East,Mtume Umoja Ensemble
524,356,Smoked Out Loced Out,Triple Six Mafia
525,357,The Marriage of Heaven and Hell: Part One,Virgin Steele
526,358,Aurora,平沢進 [Susumu Hirasawa]
527,359,Sabotage / Live,John Cale
528,360,Drive Like Jehu,Drive Like Jehu
529,361,Walk Away Renée / Pretty Ballerina,The Left Banke
530,362,天空の城ラピュタ  (Tenkū no shiro Laputa),久石譲 [Joe Hisaishi]
531,363,Inventions for Electric Guitar,Manuel Göttsching
532,364,For Girls Who Grow Plump in the Night,Caravan
533,365,Enigmatic,Czesław Niemen
534,366,Runnin-n-Gunnin,Tommy Wright III
535,367,Cantigas do Maio,José Afonso
536,368,Bomberman Hero,竹間淳 [Jun Chikuma]
537,369,The Royal Albert Hall Concert,Creedence Clearwater Revival
538,370,At Action Park,Shellac
539,371,Thousand Knives of Ryuichi Sakamoto,Ryuichi Sakamoto
540,372,Haus der Luege,Einstuerzende Neubauten
541,373,Live in Leipzig: East Germany 26/11/90,Mayhem
542,374,Leichenschrei,SPK
543,375,輪廻交響楽 (Ecophony Rinne),芸能山城組 [Geinoh Yamashirogumi]
544,376,W strefie jarania i w strefie rymowania,Dinal
545,377,This Is Boston Not L.A.,Various Artists
546,378,In for the Kill,Budgie
547,379,Late Orchestration,Kanye West
548,380,Vib-Ribbon,Laugh & Peace
549,381,György Ligeti Edition 1: String Quartets and Duets,Arditti String Quartet
550,382,Préludes · Volume 2,Arturo Benedetti Michelangeli
551,383,Akira,芸能山城組 [Geinoh Yamashirogumi]
552,384,Metal Gear Solid,KCE Japan Sound Team
553,385,"Concertos for Cello, Violin & Piano",Ensemble intercontemporain / Pierre Boulez / Jean-Guihen Queyras / Saschko Gawriloff / Pierre-Laurent Aimard
554,386,Batman Returns,Danny Elfman
555,387,Super æ,Boredoms
556,388,If I Could Only Remember My Name,David Crosby
557,389,Bl_ck B_st_rds,KMD
558,390,Hum of Life,Dog Faced Hermans
559,391,As the World Disappears...,Current 93
560,392,L'imprudence,Alain Bashung
561,393,Nattens madrigal: Aatte hymne til ulven i manden,Ulver
562,394,I'm Ready,Muddy Waters
563,395,On Land and in the Sea,Cardiacs
564,396,Vol. 2: Shake Sugaree,Elizabeth Cotten
565,397,Basket of Light,The Pentangle
566,398,Al Green Gets Next to You,Al Green
567,399,Na wszystkich frontach świata,Siekiera
568,400,Duck Stab / Buster & Glen,The Residents
569,401,Dialoghi del presente,Luciano Cilio
570,402,Monuments to Thieves,His Hero Is Gone
571,403,The End of Radio,Shellac
572,404,Nosferatu: Brüder des Schattens - Söhne des Lichts,Popol Vuh
573,405,Don't Give Up on Me,Solomon Burke
574,406,Before Driving to the Chapel We Took Coffee With Rick and Jennifer Reed,AMM
575,407,An Empty Bliss Beyond This World,The Caretaker
576,408,Stronger Than Evil,Heavy Load
577,409,The Book of Mormon (Original Broadway Cast Recording),Various Artists
578,410,Your Funeral ... My Trial,Nick Cave & The Bad Seeds
579,411,Harvest Moon,Neil Young
580,412,Big Wave,Tats Yamashita
581,413,Microcastle / Weird Era Continued,Deerhunter
582,414,La sanie des siècles : Panégyrique de la dégénérescence,Peste Noire
583,415,Canções praieiras,Dorival Caymmi
584,416,Halloween III: Season of the Witch,John Carpenter & Alan Howarth
585,417,Cave Story,Studio Pixel
586,418,Литоургиiа (Litourgiya),Батюшка [Batushka]
587,419,The Great Lost Kinks Album,The Kinks
588,420,ファンファーレ (Fanfare),advantage Lucy
589,421,XTRMNTR,PRMLSCRM
590,422,Triadic Memories,Aki Takahashi
591,423,Magma [Kobaïa],Magma
592,424,Delusion of the Fury: A Ritual of Dream and Delusion,Ensemble of Unique Instruments / Danlee Mitchell
593,425,Pour Down Like Silver,Richard & Linda Thompson
594,426,Białe wakacje,Ścianka
595,427,Green Eyed God,Steel Mill
596,428,Dogon A.D.,Julius Hemphill
597,429,Disco 3000,Sun Ra
598,430,10.000 anos depois entre Vénus e Marte,José Cid
599,431,666,Aphrodite's Child
600,432,Hitchhiker,Neil Young
601,433,The Lords of Hypocrisy,Pagan Altar
602,434,Pixies at the BBC,Pixies
603,435,Stand Back! Here Comes Charley Musselwhite's South Side Band,Charley Musselwhite
604,436,Waka / Jawaka,Frank Zappa
605,437,The Seaside,Cardiacs
606,438,Greatest of the Delta Blues Singers,Skip James
607,439,Neverhood Songs,Terry S. Taylor
608,440,Finger Poppin' With the Horace Silver Quintet,The Horace Silver Quintet
609,441,不失者 (Fushitsusha),不失者 [Fushitsusha]
610,442,Flowers From Exile,ROME
611,443,Shadows and Light,Joni Mitchell
612,444,Cantiga de longe,Edu Lobo
613,445,Âme debout,Catherine Ribeiro + Alpes
614,446,Super Ghostbusters,Joel
615,447,Those Deep Buds,Dog Faced Hermans
616,448,Day Is Far Too Long,전자양 [Electron Sheep]
617,449,mikgazer vol.1,Various Artists
618,450,Music (Live 1971-1977),Can
619,451,Marcus' Children,Burning Spear
620,452,ここ (Koko),灰野敬二 [Keiji Haino]
621,453,The Thieving Magpie,Marillion
622,454,"Members, Don't Git Weary",Max Roach
623,455,I'm John Lee Hooker,John Lee Hooker
624,456,Scenes From the Second Storey,The God Machine
625,457,The Anatomy of Addiction,God
626,458,De svarta riterna,Bekëth Nexëhmü
627,459,Veritas Diaboli manet in aeternum,Deathspell Omega / S.V.E.S.T.
628,460,"Hardcore Devo, Vol. 2: 1974-1977",Devo
629,461,Eu quero é botar meu bloco na rua,Sérgio Sampaio
630,462,Shift,Nasum
631,463,Bare Knuckle,古代祐三 [Yuzo Koshiro]
632,464,Early Water,Hoenig · GöttschingMichael HoenigManuel Göttsching
633,465,Volume 5: The Transfiguration of Blind Joe Death,John Fahey
634,466,Lawrence of Newark,Larry Young
635,467,Are(A)zione,Area
636,468,Mad for Sadness,Arab Strap
637,469,ΚΕΦΑΛΗΞΘ [Psalm 69],Ministry
638,470,Samurai Champloo Music Record: Impression,Force of Nature / Nujabes / Fat Jon
639,471,Ugly But Honest: 1996-1999,Carissa's Wierd
640,472,The Dwelling,Sabbat
641,473,Лиловый день,Леонид Фёдоров [Leonid Fedorov]
642,474,きくおミク6 (Kikuo Miku 6),きくお [Kikuo]
643,475,No Rest for the Wicked,Truth and Janey
644,476,Bridge Across Forever,Transatlantic
645,477,가장 보통의 존재,언니네이발관 [Sister's Barbershop]
646,478,Love Songs for the Apocalypse,Johnny Hobo and the Freight Trains / ManTits
647,479,I'm Never Gonna Die Again,These Immortal Souls
648,480,Modrý Efekt & Radim Hladík,Modrý Efekt & Radim HladíkThe Blue EffectRadim Hladík
649,481,Volume 16: For da Summa of '94,Mista D.J. Paul
650,482,For the Roses,Joni Mitchell
651,483,Soul Revolution,Bob Marley and The WailersBob MarleyThe Wailers
652,484,L'heptade,Harmonium
653,485,"Come, Come to the Sunset Tree",The Mountain Goats
654,486,Black Foliage: Animation Music Volume 1,The Olivia Tremor Control
655,487,"Music From the Film ""Aguirre""",Popol Vuh
656,488,A Boy ボーイ,森田童子 [Douji Morita]
657,489,Carol of Harvest,Carol of Harvest
658,490,Live Cream Volume II,Cream
659,491,s.o.n.o.g.r.a.m.,One Be Lo
660,492,Fiu fiu...,Lech Janerka
661,493,ファイナルファンタジーIV (Final Fantasy IV),植松伸夫 [Nobuo Uematsu]
662,494,"Original Soundtrack From Mosfilm ""Solaris""",Эдуард Артемьев [Eduard Artemyev]
663,495,Into the Electric Castle: A Space Opera,Ayreon
664,496,Murray Street,Sonic Youth
665,497,Stillbirth Machine,Order From Chaos
666,498,Lifting Concrete Lightly,MIMEO
667,499,Unplugged,Neil Young
668,500,De natura sonorum,Bernard Parmegiani
669,501,Once: Music From the Motion Picture,Various Artists
670,502,光のカケラ (Hikari no kakera),Walrus
671,503,Satch Plays Fats: A Tribute to the Immortal Fats Waller,Louis Armstrong and His All-Stars
672,504,Hold Me Forever (In Memory of My Mom Nancy York Carroll),Buckethead
673,505,Far From the Madding Crowd,Wuthering Heights
674,506,The Progressive Blues Experiment,Johnny Winter
675,507,XM,Porcupine Tree
676,508,剃刀乙女 (Kamisori otome),青葉市子 [Ichiko Aoba]
677,509,The Real New Fall LP: Formerly Country on the Click,The Fall
678,510,Catherine Ribeiro + 2 Bis,Catherine Ribeiro + 2 Bis
679,511,Una más (One More Time),Kenny Dorham
680,512,Scientist Rids the World of the Evil Curse of the Vampires,Scientist
681,513,Duos for Doris,Keith Rowe & John Tilbury
682,514,I'm a Loser,Doris Duke
683,515,E seu violão,Caymmi
684,516,The Art Tatum - Ben Webster Quartet,The Art Tatum-Ben Webster QuartetArt TatumBen Webster
685,517,The Room Extended,Keith Rowe
686,518,"Hi, How Are You: The Unfinished Album",Daniel Johnston
687,519,Sweet Fanny Adams,The Sweet
688,520,Nocel,Furia
689,521,Field Commander Cohen: Tour of 1979,Leonard Cohen
690,522,"Music From the Unrealized Film Script, Dusk at Cubist Castle",The Olivia Tremor Control
691,523,March to the Black Holocaust,Vlad Tepes / Belkètre
692,524,The Salmon of Doubt,Coin locker kid
693,525,Kocorono,bloodthirsty butchers
694,526,You're Not Alone,Roy Buchanan
695,527,Dump Gawd: Hommy Edition,Mach-Hommy
696,528,Al - Fatihah,Black Unity Trio
697,529,Mother,"Keiichi Suzuki, Hirokazu Tanaka鈴木慶一 [Keiichi Suzuki]田中宏和 [Hirokazu Tanaka]"
698,530,The Henry Cow Legend,Henry Cow
699,531,Misery Index,Assück
700,532,Tristan et Iseult,Christian Vander
701,533,"ゲームボーイ『ポケモン』のサウンドがまるごと入って、遊べるCD (GameBoy 『Pokémon』 no Sound ga Marugoto Itte, Asoberu CD)",増田順一 [Junichi Masuda]
702,534,공중도덕 (Gongjoong Doduk),공중도덕
703,535,Negro é lindo,Jorge Ben
704,536,Filmworks XIII: Invitation to a Suicide,John Zorn
705,537,Illusions,Sadus
706,538,O canto livre de Nara,Nara Leão
707,539,Variations in Dream-Time,Anthony Davis
708,540,新しい日の誕生 (Atarashī hi no tanjō),2814
709,541,Китицi (Kytytsi),Світлана Няньо [Svitlana Nianio]
710,542,Little Busters,the pillows
711,543,Raw Sienna,Savoy Brown
712,544,Hier kommt der schwartze Mond,Valium Aggelein
713,545,Die Æsthetik der Herrschaftsfreiheit,ROME
714,546,Divine Songs,Alice Coltrane-Turiyasangitananda
715,547,Ash Ra Tempel,Ash Ra Tempel
716,548,プラトニック プラネット (Platonic Planet),KOTO
717,549,Apocalypse Now,Carmine Coppola & Francis Ford Coppola
718,550,"The Amazing Bud Powell, Vol. 2",Bud Powell
719,551,Statek kosmiczny,Ścianka
720,552,"Dedicated to You, But You Weren't Listening",The Keith Tippett Group
721,553,The Crypt: 12th June 1968,AMM
722,554,Cornonstípicum,M.I.A. (Músicos Independientes Asociados)
723,555,Plays Standards,Ground-Zero
724,556,Marek Grechuta & Anawa,Marek Grechuta & Anawa
725,557,Stranglers IV (Rattus Norvegicus),The Stranglers
726,558,The Faith / Void,The Faith / VoidFaithVoid
727,559,Manassas,Stephen Stills / Manassas
728,560,The Sleep of Morbid Dreams,Funebrarum
729,561,Xaphan: Book of Angels Volume 9,Secret Chiefs 3
730,562,"Madlib Medicine Show: No. 5 - History of the Loop Digga, 1990-2000",Madlib
731,563,Hymnvs,Hoedh
732,564,Desert Places,Satin Whale
733,565,"Come With Me 2 Hell, II:  Lords of Terror",DJ Paul & Lord Infamous
734,566,Eels With Strings: Live at Town Hall,Eels
735,567,Four Violins,Tony Conrad
736,568,Georges Brassens [Fernande],Georges Brassens
737,569,冀西南林路行 (Inside the Cable Temple),万能青年旅店 [Omnipotent Youth Society]
738,570,Unlock the Shrine,The Ruins of Beverast
739,571,Back in the U.S.: Live 2002,Paul McCartney
740,572,O.gród K.oncentracyjny (dwa dni później),Świetliki
741,573,Saetia,Saetia
742,574,Chuck Person's Eccojams Vol. 1,Chuck Person
743,575,I'm Your Man,Leonard Cohen
744,576,Grave New World,Strawbs
745,577,Armchair Boogie,Michael Hurley
746,578,Aion,CMX
747,579,Niemen vol. 2,Czesław Niemen
748,580,Assault on Precinct 13,John Carpenter
749,581,ג (Gimel),Masada
750,582,教育 (Kyōiku),東京事変 [Tokyo Jihen]
751,583,+'Justments,Bill Withers
752,584,Continuum Unbound,Michael Pisaro-Liu / Greg Stuart / Patrick Farmer / Joe Panzner / Toshiya Tsunoda
753,585,Caifanes Vol. 2 [El Diablito],Caifanes
754,586,Mice and Rats in the Loft,Jan Dukes de Grey
755,587,Electro-Acoustic Music,Groupe de recherches musicales de l'O.R.T.F. / Iannis XenakisGroupe de Recherches Musicales de la RTFIannis Xenakis
756,588,Dies Irae,Devil Doll
757,589,Nieustanne tango,Republika
758,590,Stupidity,Dr. Feelgood
759,591,Of the Sun + Moon,Sacred Blade
760,592,春と修羅 (Haru to Shura),春ねむり [Haru Nemuri]
761,593,"...In ""Jane From Occupied Europe""",Swell Maps
762,594,Recuerdos de mi tierra,Mezquita
763,595,"Tachibana, Vol. 1",Tohru Aizawa Quartet
764,596,Only Forever,Puressence
765,597,Music for Church Cleaners Vol. I and II,Áine O'Dwyer
766,598,The Falconer's Arm I,Robbie Băsho
767,599,Comin Real Wit It,Red Dog
768,600,Sim City,平沢進 [Susumu Hirasawa]
769,601,Instruments Disorder (170 Songs CD),The Gerogerigegege
770,602,Tuscaloosa,Neil Young + Stray GatorsNeil YoungThe Stray Gators
771,603,The Sanity Annex,Sonic Sum
772,604,Jazz Meets India,Dewan Motihar Trio / Irène Schweizer Trio / Manfred Schoof / Barney WilenDiwan MotiharIrène SchweizerManfred SchoofBarney Wilen
773,605,You're Dead!,Flying Lotus
774,606,SMPTe,Transatlantic
775,607,Songs for Judy,Neil Young
776,608,La Mer; Nocturnes; Jeux; Rhapsodie pour clarinette et orchestre,Cleveland Orchestra / Pierre Boulez
777,609,The Rite of Strings,"Stanley Clarke, Al Di Meola & Jean-Luc Ponty"
778,610,The Lady With the Golden Stockings,Sun Ra
779,611,The Ghost Trade,Camberwell Now
780,612,These Are Not Fall Colors,Lync
781,613,Stadaconé,Sloche
782,614,Strange Warmings of Laddio Bolocko,Laddio Bolocko
783,615,Tilt (Immagini per un orecchio),Arti & Mestieri
784,616,Moving Gelatine Plates,Moving Gelatine Plates
785,617,Dreamin' Man Live '92,Neil Young
786,618,Serenade to a Soul Sister,The Horace Silver Quintet
787,619,Untitled Album 1,Atka
788,620,Fantasias for Guitar and Banjo,Sandy Bull
789,621,L'apocalypse des animaux,Vangelis Papathanassiou
790,622,Drum Dance to the Motherland,Khan Jamal
791,623,Häntä koipien välissä,Leevi and the Leavings
792,624,Robot Hive / Exodus,Clutch
793,625,The Worldhood of the World (As Such),NoMeansNo
794,626,Entreat,The Cure
795,627,The Gospel According to Zeus,Power of Zeus
796,628,Bright Phoebus,Lal and Mike Waterson
797,629,Document #5,pg.99
798,630,Strappado,Slaughter
799,631,Sola Scriptura,Neal Morse
800,632,The Sacrilege of Fatal Arms,Devil Doll
801,633,Arbos,Brass Ensemble Staatsorchester Stuttgart / The Hilliard Ensemble / Dennis Russell Davies / Gidon Kremer / Vladimir Mendelssohn / Thomas Demenga
802,634,Lyburnum Wits End Liberation Fly,Moss Icon
803,635,Psonic Psunspot,The Dukes of Stratosphear
804,636,Snow,Spock's Beard
805,637,"Bells, Boots and Shambles",Spirogyra
806,638,Improvised Music From Japan,Various Artists
807,639,Foulest Semen of a Sheltered Elite,The Ruins of Beverast
808,640,Spirits Rejoice!,Louis Moholo Octet
809,641,Tonton Macoute,Tonton Macoute
810,642,Sacrilegium,Devil Doll
811,643,Earth A.D. / Wolfs Blood,Misfits
812,644,The House of Atreus: Act I,Virgin Steele
813,645,أغنية (Oghneya),Ferkat al Ard
814,646,Rockin' and Romance,Jonathan Richman & The Modern Lovers
815,647,The Brotherhood of the Bomb,Techno Animal
816,648,Voids,Have a Nice Life
817,649,現実を超えて (Genjitsu o koete),t e l e p a t h テレパシー能力者
818,650,Illusions on a Double Dimple,Triumvirat
819,651,Matita Perê,Tom Jobim
820,652,Wee Tam & The Big Huge,The Incredible String Band
821,653,"The Deep End, Volume 1",Gov't Mule
822,654,I'm Just a Prisoner,Candi Staton
823,655,Torture Garden,Naked City
824,656,Blue Velvet,Angelo Badalamenti
825,657,悲愴 (Pathétique),不失者 [Fushitsusha]
826,658,Achievement,pilotredsun
827,659,"Haunt Me, Haunt Me Do It Again",Tim Hecker
828,660,Love Devotion Surrender,Carlos Santana & Mahavishnu John McLaughlinCarlos SantanaJohn McLaughlin
829,661,Indecent & Obscene,Dismember
830,662,Bandolier,Budgie
831,663,Mellow Dream (メロー・ドリーム),福居良 [Ryo Fukui]
832,664,B'Boom: Official Bootleg - Live in Argentina,King Crimson
833,665,Fucked Up Inside,Spiritualized
834,666,"Things May Come and Things May Go, But the Art School Dance Goes on for Ever",Pete Brown & Piblokto!
835,667,Island: Eine Sinfonie in 10 Sätzen,Hermann Nitsch
836,668,"In concerto - Arrangiamenti PFM, Vol. 2",Fabrizio De André con PFMFabrizio De AndréPremiata Forneria Marconi
837,669,Catch Thirtythree,Meshuggah
838,670,Rajaz,Camel
839,671,Epilog,Änglagård
840,672,"Little Birds Have Fast Hearts, No. 1",Die Like a Dog Quartet
841,673,Short Sharp Shocked,Michelle Shocked
842,674,Swing the Heartache: The BBC Sessions,Bauhaus
843,675,0 + 2 = 1,NoMeansNo
844,676,Call of the Valley,"Shivkumar Sharma, Brij Bhushan Kabra & Hariprasad Chaurasia"
845,677,AFTER 5 CLASH,Toshiki Kadomatsu
846,678,Corredor polonês,Patife Band
847,679,Into the Abyss...,Poison
848,680,None Shall Defy,Infernäl Mäjesty
849,681,Paint a Picture,Fantasy
850,682,Triskaidékaphobie,Present
851,683,Ambient 4: Isolationism,Various Artists
852,684,Alan Vega · Martin Rev,Suicide
853,685,Elektronik Türküler,Erkin Koray
854,686,L'isola di niente,Premiata Forneria Marconi
855,687,Swaddling Songs,Mellow Candle
856,688,Rockers Meets King Tubbys in a Fire House,Augustus Pablo
857,689,Drawing of Sound,Windy & Carl
858,690,Wet Land,吉村弘 [Hiroshi Yoshimura]
859,691,Dum Spiro Spero,Dir en Grey
860,692,Niemen [Red Album],Czesław Niemen
861,693,Friendship,Junipher Greene
862,694,Good Bye Lenin!,Yann Tiersen
863,695,Paintin' the Town Brown: Ween Live '90-'98,Ween
864,696,Why Do They Call Me Mr. Happy?,NoMeansNo
865,697,Spring Hill Fair,The Go-Betweens
866,698,Coping With the Urban Coyote,Unida
867,699,ማሕሙድ ፡ ኣሕመድ ፡ (Mahmoud Ahmed),ማሕሙድ ኣሕመድ [Mahmoud Ahmed]
868,700,Le poison qui rend fou,Present
869,701,In Extremis,Thinking Plague
870,702,Creation and Destroy,D-Clone
871,703,Chappaqua Suite,Ornette Coleman
872,704,This Is the Wind That Blows It Out: Solos for 6 & 12 String Guitar,Glenn Jones
873,705,The Heat Death of the Universe,Off Minor
874,706,Harakka Bialoipokku,Pekka Pohjola
875,707,The Scream That Tore the Sky,StarGazer
876,708,Earth vs. The Wildhearts,The Wildhearts
877,709,The Similitude of a Dream,The Neal Morse Band
878,710,Ezarian,Lisabö
879,711,Lady of the Light,Black Bonzo
880,712,You'd Prefer an Astronaut,Hum
881,713,Upsetters 14 Dub Black Board Jungle,The Upsetters
882,714,Small Parts Isolated and Destroyed,NoMeansNo
883,715,Danger Money,U.K.
884,716,Eternal Sunshine of the Spotless Mind,Jon Brion
885,717,"Symphony No. 3: Symphony of Sorrowful Songs, Op. 36",Polish National Radio Symphony Orchestra / Krzysztof Penderecki / Beth GibbonsNarodowa Orkiestra Symfoniczna Polskiego Radia w KatowicachKrzysztof PendereckiBeth Gibbons
886,718,I'll Take Care of You,Mark Lanegan
887,719,"I'm Wide Awake, It's Morning",Bright Eyes
888,720,Vol 3: Dance of Death & Other Plantation Favorites,John Fahey
889,721,"Javanese Court Gamelan From the Pura Paku Alaman, Jogyakarta",K.R.T. Wasitodiningrat
890,722,Living Eyes,Radio Birdman
891,723,Slow Riot for New Zerø Kanada E.P.,Godspeed You Black Emperor!
892,724,Space Oddity / Moonage Daydream / Life on Mars / It Ain't Easy,David Bowie
893,725,Wuthering Heights / The Man With the Child in His Eyes / Moving / Oh to Be in Love,Kate Bush
894,726,Licht und Blindheit,Joy Division
895,727,Solace,Earl Sweatshirt
896,728,What Does Your Soul Look Like,DJ Shadow
897,729,Lorelei,Cocteau Twins
898,730,"Babe, I'm Gonna Leave You / Dazed and Confused",Led Zeppelin
899,731,Shutout E.P.,The Walker Brothers
900,732,Tremolo E.P.,My Bloody Valentine
901,733,Outside Your Room EP,Slowdive
902,734,You Will Never Know Why Outtakes,Sweet Trip
903,735,The Sisters EP,Pulp
904,736,Steroids (Crouching Tiger Hidden Gabber Megamix),Death Grips
905,737,The Money Store: First 6 Tracks,Death Grips
906,738,Carry the Zero,Built to Spill
907,739,B Stiff,Devo
908,740,Fluorescences,Stereolab
909,741,Creeping Death / Jump in the Fire,Metallica
910,742,See Emily Play,Pink Floyd
911,743,1981-1982,New Order
912,744,Halfway to a Threeway,Jim O'Rourke
913,745,Dog on Wheels,Belle & Sebastian
914,746,Veritas Diaboli Manet in Aeternum: Chaining the Katechon,Deathspell Omega
915,747,Datapanik in the Year Zero,Pere Ubu
916,748,Najebawszy,Smarki Smark
917,749,Blackland Radio 666: Pt. 2 - Episode 1,SpaceGhostPurrp AKA Purrple Haze
918,750,Jeromes Dream / Orchid,Jeromes Dream / Orchid
919,751,Joanna Newsom & the Ys Street Band E.P.,Joanna Newsom
920,752,3.. 6.. 9 Seconds of Light,Belle & Sebastian
921,753,Lesson No. 1,Glenn Branca
922,754,Okumay,Brave Little Abacus
923,755,Never Lose That Feeling,Swervedriver
924,756,25 O'Clock,The Dukes of Stratosphear
925,757,Gravest Hits,The Cramps
926,758,E·MO·TION: Side B,Carly Rae Jepsen
927,759,Dead Bergeron,Harrison Bergeron
928,760,Jenny Ondioline,Stereolab
929,761,Maple Leaves,Rocky Dennis
930,762,Planisphère,Justice
931,763,Poguetry in Motion,The Pogues
932,764,All Delighted People EP,Sufjan Stevens
933,765,The Peel Sessions,Joy Division
934,766,TA13OO: Act 3,Denzel Curry
935,767,Mekano / Contakt / Slogun,SPK
936,768,Super Roots 7,Boredoms
937,769,The Peel Sessions,Joy Division
938,770,Horror Business,The Misfits
939,771,ナイト・オン・ザ・サン (Night on the Sun),モデスト・マウス
940,772,Music for Nurses EP,Oceansize
941,773,Holding Our Breath,Slowdive
942,774,Stormvold,Molested
943,775,Today Forever,Ride
944,776,"Come, Reap",The Devil's Blood
945,777,Against Me! Acoustic EP,Against Me!
946,778,Farce,Rudimentary Peni
947,779,Panaramic Twilight,Timeghoul
948,780,Some Candy Talking E.P.,The Jesus and Mary Chain
949,781,Larry Bird Season,SpaceGhostPurrp
950,782,Siah and Yeshua Dapo ED,Siah and Yeshua Dapo EDSiahYeshua Dapo ED
951,783,Art of Life,X Japan
952,784,The Verve E.P.,Verve
953,785,Lucifer Over London,Current 93
954,786,Expurse of Sodomy,Sodom
955,787,Black Sheep Boy Appendix ,Okkervil River
956,788,Truant / Rough Sleeper,Burial
957,789,St. Valentine's Day Massacre,MotörheadGirlschoolMotörheadGirlschool
958,790,Partita for 8 Voices,Roomful of Teeth
959,791,Airbag / How Am I Driving?,Radiohead
960,792,Novej kalhnjënno,Trhä
961,793,Nature Tapes EP,Lemon Demon
962,794,Eldorado,Neil Young
963,795,Strobo Trip,The Flaming Lips
964,796,Flag of Hate,Kreator
965,797,I'm Sick of You!,Iggy and the Stooges
966,798,In My Eyes,Minor Threat
967,799,Emma's House,The Field Mice
968,800,Tony Fletcher Walked on Water.... La La La La La-La La-La-La,The Chameleons
969,801,Merkinball,Pearl Jam
970,802,The Art of War,Vader
971,803,Ice Hockey Hair EP,Super Furry Animals
972,804,草木萌動 (Sōmoku hōdō),長谷川白紙 [Hakushi Hasegawa]
973,805,Siege [Drop Dead],Siege
974,806,Morningrise,Slowdive
975,807,The $5.98 E.P.: Garage Days Re-Revisited,Metallica
976,808,Autumn Equinox: Amethyst Deceivers,Coil
977,809,"Love Is Hell, Pt. 1",Ryan Adams
978,810,All Hallow's E.P.,AFI
979,811,Second Language,Disco Inferno
980,812,Champion Versions,The Beta Band
981,813,Lazy Line Painter Jane,Belle and Sebastian
982,814,Mentally Murdered,Napalm Death
983,815,Purifying Consecrated Ground,Dead Congregation
984,816,Emperor's Return,Celtic Frost
985,817,Convocation of Crawling Chaos,Cruciamentum
986,818,Tulimyrsky EP,Moonsorrow
987,819,Incantation,Grotesque
988,820,Triumph Through Spears of Sacrilege,دمار [Damaar]
989,821,The Cost of Living E.P.,Clash
990,822,Crime as Forgiven By...,Against Me!
991,823,Sounds of Decay,Katatonia
992,824,Retribution for the Dead,Autopsy
993,825,Blue Thunder,Galaxie 500
994,826,Kicking Cars,Panchiko
995,827,Sunburst and Snowblind,Cocteau Twins
996,828,GBG 1982,Skitslickers
997,829,Ortodossia,CCCP Fedeli alla Linea
998,830,Act 1: Eternal Sunshine (The Pledge),Jay Electronica
999,831,Amusing the Amazing,Slo Burn
1000,832,The Aurora Veil,Ne Obliviscaris
1001,833,Archers of Loaf vs The Greatest of All Time,Archers of Loaf
1002,834,Analord 10,Aphex Twin
1003,835,Dixie-Narco EP,Primal Scream
1004,836,Symphonaire Infernus Et Spera Empyrium,My Dying Bride
1005,837,Explosions in the Glass Palace,Rain Parade
1006,838,No Surprises / Running From Demons,Radiohead
1007,839,Fight Back,Discharge
1008,840,Cerulean Salvation,Tomb Mold
1009,841,Margin Walker,Fugazi
1010,842,Bingo-Master's Break-Out!,The Fall
1011,843,I Have a Special Plan for This World,Current 93
1012,844,Plays John Cassavetes,Ekkehard Ehlers
1013,845,爆裂トリコさん (Bakuretsu tricot san),tricot
1014,846,The Soundhouse Tapes,Iron Maiden
1015,847,Hormoaning,Nirvana
1016,848,거울의 숲,그림자 공동체 [Shadow Community]
1017,849,3 Hits From Hell,The Misfits
1018,850,Rudimentary Peni,Rudimentary Peni
1019,851,Ship-Scope / Plug and Delay / Rainstick / The Red Line,Shinichi Atobe
1020,852,Tumultuous Travelings,Timeghoul
1021,853,Dials / Crushed / The High Monkey-Monk / Oomingmak,Cocteau Twins
1022,854,Simple Headphone Mind,Stereolab & Nurse With Wound
1023,855,"I Just Don't Wanna Name It Anything With ""Beach"" in the Title",Osno1
1024,856,Missing: The Remix EP,Everything but the Girl
1025,857,Kyuss / Queens of the Stone Age,Kyuss / Queens of the Stone Age
1026,858,Resurrection,Sadistic Intent
1027,859,Throw Aggi Off the Bridge,Black Tambourine
1028,860,"Mount Eerie, Parts 6 & 7",Mount Eerie
1029,861,8 Outtakes From Amnesiac,Radiohead
1030,862,EP II,Carpenter Brut
1031,863,Unholy Domain,Demigod
1032,864,Dirty Rotten EP,D.R.I.
1033,865,Police Bastard,Doom
1034,866,Gamera,Tortoise
1035,867,Hangable Auto Bulb EP.2,AFX
1036,868,An Ideal for Living,Joy Division
1037,869,Tamlin,Current 93
1038,870,渦になる (Uzu ni naru),きのこ帝国 [Kinoko Teikoku]
1039,871,Ruines humaines,Amesoeurs
1040,872,In the Sign of Evil,Sodom
1041,873,"Love Is Hell, Pt. 2",Ryan Adams
1042,874,For Cameron,Merchant Ships
1043,875,Jonathan David,Belle & Sebastian
1044,876,This Is Just a Modern Rock Song,Belle and Sebastian
1045,877,M4,Maurizio
1046,878,Exmilitary,Death Grips
1047,879,Crack Cloud$ Over Arts Kitchen,Black Kray
1048,880,[][][][][][][][][][][][][[][][][][][][[][[[][]][[][][][][]][]][][][][][]][][]][]­[][][][][][][]][]][][][]. PART666% Yayayayay Original Is 666% of This. Read Me U Lazyfuck U Pig Fuck. Bitchfuck Me. Pornstarsdonehate. Amateurporngodnevacummingsoon윌셔룸쌀롱,Yayayi
1049,881,We Got It 4 Cheap Vol. 2,Clipse
1050,882,Veneno,SpaceGhostPurrp
1051,883,Vicki Leekx,VICKI LEEKX
1052,884,Dark Angel Instrumentals,SpaceGhostPurrp
1053,885,Da Drought 3,Lil' Wayne
1054,886,LiveLoveA$AP,A$AP Rocky
1055,887,Vol. 3 Spring Mix '95,DJ Paul & Juicy J
1056,888,Dedication 2: Gangsta Grillz,Lil Wayne
1057,889,Rich Gang: Tha Tour Part 1,Rich Gang
1058,890,Grave House,Sematary & Ghost Mountain
1059,891,$vlena Gxmez Trvphov$$E Tvpe (T X P $ E),Black K R V Y
1060,892,Goth Luv,Black Kray
1061,893,G.O.A.T,Conway
1062,894,"No, My Name Is Jeffery",Young Thug
1063,895,Where We Come From (CHICAGOxLONDON Mixtape),Makaya McCraven
1064,896,The Chitlin Circuit 1.5,Little Brother
1065,897,Well Isn't This Awkward,Charles Hamilton
1066,898,High the Lon35tarr Mixtape 2016-2017,Yung Hi C ^_^
1067,899,Silica Gel,Bodyguard
1068,900,BMB Deathrow 2k18,BMB Deathrow
1069,901,AmeriKKKan Korruption,Capital Steez
1070,902,PLAA3: Back to the Streets,Khontkar
1071,903,Fahrenheit 1/15 Volume 2: Revenge of the Nerds,Lupe Fiasco
1072,904,(Part 2) Da Exorcist,DJ Paul & Juicy J
1073,905,It Is What It Is,Naked Flames
1074,906,Hundred Acre Wrist Hosted by DJ Sorrow,Sematary & Ghost Mountain
1075,907,Communist Slow Jams,JPEGMAFIA
1076,908,2049 (Deluxe Edition),Toasty Digital
1077,909,Spiraling Blacklight Party,Glitter Fortress
1078,910,2 Cups Pt. 2,Young Pappy
1079,911,Panopticon!,dreamcrusher
1080,912,Blvcklvnd Rvdix 66.6 (1991),SPVCXGHXZTPVRRP (SpaceGhostPurrp)
1081,913,ส (Tiger),Thaiboy Digital
1082,914,2 Cups Pt. 1,Young Pappy
1083,915,Better Off Dead,Flatbush Zombies
1084,916,VAMPIRE LIFE THE MIXTAPE (FREE JIM JONES MIXTAPE),Vampire Money
1085,917,"Músicas para drift, Volume II",Yung Buda
1086,918,City of Doves,Black Kray
1087,919,Live at the Liquid Room - Tokyo,Jeff Mills
1088,920,Bigtyme Vol II: All Screwed Up,DJ Screw
1089,921,Live at the Paradise Garage,Larry Levan
1090,922,3 'n the Mornin': Part Two [Blue],DJ Screw
1091,923,Boiler Room London DJ Set,Frankie Knuckles
1092,924,Welcome to Warp Zone!,Nmesh
1093,925,Essential Mix,Nicolás Jaar
1094,926,"Secret Sky Set, May 9, 2020",Porter Robinson
1095,927,The K&D Sessions™,Kruder Dorfmeister
1096,928,Endonesia,DJ Screw
1097,929,Super Eurobeat Presents Initial D ~D Non-Stop Mega Mix~,横田聡 [Akira Yokota] & Tetsuya Tamura
1098,930,A Monstrous Psychedelic Bubble Vol. 2: Pagan Love Vibrations,Amorphous Androgynous
1099,931,A Monstrous Psychedelic Bubble Vol 1: Cosmic Space Music,Amorphous Androgynous
1100,932,El sueño del forastero,E+E
1101,933,A Monstrous Psychedelic Bubble Exploding in Your Mind Vol.3: The 3rd Ear,Amorphous Androgynous
1102,934,The Trip: Created by Saint Etienne,Saint Etienne
1103,935,DJ Harvey Live at Rumors,DJ Harvey
1104,936,Good Music Cuisine - Ristorante Nujabes,Nujabes
1105,937,Biomechanik2,Manu Le Malin
1106,938,End of the Fucking World,DJ Tron
1107,939,Jungle Spliff,DJ Jeffee
1108,940,Warp Tapes 89-93,Autechre
1109,941,Boiler Room NYC DJ Set at Clown & Sunset x RBMA Takeover,Nicolás Jaar
1110,942,Histoire de Melody Vannier,Andy Votel
1111,943,Late Night Fuckin' Yo Bitch,DJ Screw
1112,944,Northern Exposure,Sasha and John Digweed
1113,945,West End Records: 25th Anniversary Edition Mastermix,Masters at Work
1114,946,Yonderdome Decade -10 Years of DJ Sharpnel-,DJ Sharpnel
1115,947,Brainfreeze,DJ Shadow & Cut Chemist
1116,948,SEWAGEBIPOLAR (mrk90v2when megamix),Sewerslvt
1117,949,Chapter 119: No Drank,DJ Screw
1118,950,Aquaphoria,Kelela & Asmara
1119,951,Moodymann Collection,Moodymann
1120,952,Planetary Natural Love Gas Webbin' 199999,DJ 光光光 [DJ Pica Pica Pica]
1121,953,"(Hard Set), April '94",Fabio
1122,954,Renaissance: The Mix Collection,Sasha & John Digweed
1123,955,HBA Galvanize,Wench
1124,956,Traumprinz B2B DJ Metatron Live at Planet Uterus,Secret GuestTraumprinzDJ Metatron
1125,957,Straight Up Detroit Shit Vol. 2,DJ Assault
1126,958,Sessions Eight,Todd Terry
1127,959,Unpolished 2018,Perc
1128,960,Witness the Strength '95,Dieselboy
1129,961,"Dubstep Allstars, Vol.02",Youngsta
1130,962,United in Flames 23/10/2018,Malibu & Femi
1131,963,Essential Mix,Flying Lotus
1132,964,Balance 014,Joris Voorn
1133,965,Essential Mix,Helena Hauff
1134,966,Surf Gang (Evilgiane & Eera),Surf Gang
1135,967,By the Time I Get to Phoemix,Injury Reserve
1136,968,Off the Chain for the Y2K,DJ Assault
1137,969,Los perdidos: Una compilación,Silent Servant
1138,970,Autechre Radio - Sat 02 Mar 2013,Autechre
1139,971,Drug Store Core Boy,La Peste
1140,972,Jaylib vs. J-Rocc,Jaylib vs J-Rocc
1141,973,Plots & Schemes,DJ Screw
1142,974,Ashview Heights Legend,SpaceGhoztPurrp
1143,975,Product Placement,DJ Shadow & Cut Chemist
1144,976,RA.276,Alva Noto
1145,977,Planet Lonely,DJ Healer
1146,978,Sleepwalk: A Selection by Optimo (Espacio),Optimo
1147,979,DJ Sabrina the Teenage DJ's Life Fast Lite,DJ Sabrina the Teenage DJ
1148,980,Essential Mix,Skee Mask
1149,981,Liquid Anthems,Jade
1150,982,DJ-Kicks,Daddy G
1151,983,"Thank You Jay Dee, Act 2",J.Rocc
1152,984,Laboratoire Mix,Laurent Garnier
1153,985,Where They At?: NOLA Bounce Rap,DJ Kid Slizzard
1154,986,Elite Sounds,Gachet
1155,987,Strange Games and Things,DJ Spinna
1156,988,Live in the Boiler Room,SOPHIE
